{"A Agar": {"SR": 86.75, "BF": 9.75}, "A Nortje": {"SR": 64.54545454545455, "BF": 3.090909090909091}, "AD Hales": {"SR": 119.375, "BF": 20.680555555555557}, "AF Milne": {"SR": 80.46153846153847, "BF": 3.769230769230769}, "AJ Hosein": {"SR": 95.07142857142857, "BF": 8.214285714285714}, "AK Markram": {"SR": 145.3, "BF": 21.433333333333334}, "AL Phehlukwayo": {"SR": 87.95238095238095, "BF": 6.142857142857143}, "AU Rashid": {"SR": 83.46153846153847, "BF": 4.153846153846154}, "Adam Zampa": {"SR": 81.64285714285714, "BF": 4.142857142857143}, "Afif Hossain": {"SR": 102.10714285714286, "BF": 15.107142857142858}, "Alex Carey": {"SR": 86.45833333333333, "BF": 8.708333333333334}, "Aron Finch": {"SR": 120.41, "BF": 21.71}, "Asif Ali": {"SR": 116.75, "BF": 8.25}, "Axar Patel": {"SR": 138.625, "BF": 7.875}, "B Kumar": {"SR": 79.3157894736842, "BF": 4.947368421052632}, "BA King": {"SR": 115.65625, "BF": 19.1875}, "BA Stokes": {"SR": 128.28571428571428, "BF": 12.771428571428572}, "BC Fortuin": {"SR": 104.14285714285714, "BF": 5.0}, "BKG Mendis": {"SR": 109.27272727272727, "BF": 17.272727272727273}, "BM Tickner": {"SR": 50.5, "BF": 5.75}, "Babar Azam": {"SR": 108.78350515463917, "BF": 27.587628865979383}, "C Karunaratne": {"SR": 94.84848484848484, "BF": 8.303030303030303}, "CAK Rajitha": {"SR": 73.125, "BF": 6.625}, "CBRLS Kumara": {"SR": 86.0, "BF": 2.2}, "CJ Jordan": {"SR": 141.59574468085106, "BF": 6.872340425531915}, "CR Woakes": {"SR": 136.6153846153846, "BF": 7.6923076923076925}, "DJ Malan": {"SR": 117.94444444444444, "BF": 24.22222222222222}, "DJ Mitchell": {"SR": 124.29166666666667, "BF": 15.604166666666666}, "DJ Willey": {"SR": 104.04166666666667, "BF": 7.208333333333333}, "DM DE Silva": {"SR": 102.60526315789474, "BF": 16.342105263157894}, "DP Conway": {"SR": 112.17142857142858, "BF": 27.057142857142857}, "David Miller": {"SR": 132.42268041237114, "BF": 15.422680412371134}, "David Warner": {"SR": 124.70103092783505, "BF": 20.804123711340207}, "De Pretorius": {"SR": 139.52941176470588, "BF": 9.352941176470589}, "E Lewis": {"SR": 121.24489795918367, "BF": 19.387755102040817}, "Eion Morgan": {"SR": 120.92307692307692, "BF": 16.903846153846153}, "FA Allen": {"SR": 115.95833333333333, "BF": 8.125}, "FH Allen": {"SR": 132.71428571428572, "BF": 13.714285714285714}, "Faheem Ashraf": {"SR": 105.6969696969697, "BF": 7.303030303030303}, "Fakhar Zaman": {"SR": 116.19117647058823, "BF": 16.426470588235293}, "GD Phillips": {"SR": 131.58823529411765, "BF": 18.666666666666668}, "Glen Maxwell": {"SR": 123.73255813953489, "BF": 16.267441860465116}, "H Klassen": {"SR": 133.59459459459458, "BF": 12.945945945945946}, "HR Walsh": {"SR": 44.0, "BF": 5.222222222222222}, "Haider Ali": {"SR": 113.1, "BF": 13.166666666666666}, "Hardik Pandya": {"SR": 139.01492537313433, "BF": 13.343283582089553}, "Haris Rouf": {"SR": 105.26666666666667, "BF": 3.2}, "Hassan Ali": {"SR": 150.8235294117647, "BF": 4.0588235294117645}, "He Van Der Dussen": {"SR": 108.75675675675676, "BF": 21.91891891891892}, "IS Sodhi": {"SR": 94.75, "BF": 5.208333333333333}, "Iftikhar Ahmed": {"SR": 127.57894736842105, "BF": 16.13157894736842}, "Imad Wasim": {"SR": 126.35714285714286, "BF": 8.761904761904763}, "Ishan Kishan": {"SR": 102.15384615384616, "BF": 20.192307692307693}, "J Bumrah": {"SR": 42.333333333333336, "BF": 4.333333333333333}, "J Charles": {"SR": 105.3076923076923, "BF": 18.384615384615383}, "J Holder": {"SR": 114.93939393939394, "BF": 9.818181818181818}, "JC Archer": {"SR": 91.66666666666667, "BF": 3.6666666666666665}, "JDS Neesham": {"SR": 135.77358490566039, "BF": 9.09433962264151}, "JJ Roy": {"SR": 119.375, "BF": 17.28125}, "JM Bairstow": {"SR": 119.61016949152543, "BF": 16.54237288135593}, "JR Hazlewood": {"SR": 121.0, "BF": 2.3333333333333335}, "Joss Buttler": {"SR": 127.79166666666667, "BF": 19.1875}, "K Rabada": {"SR": 99.77777777777777, "BF": 7.444444444444445}, "KA Maharaj": {"SR": 73.66666666666667, "BF": 10.666666666666666}, "KIC Asalanka": {"SR": 99.94594594594595, "BF": 18.10810810810811}, "KL Rahul": {"SR": 117.97058823529412, "BF": 23.941176470588236}, "KMA Paul": {"SR": 92.4375, "BF": 10.375}, "KR Mayers": {"SR": 132.95454545454547, "BF": 15.954545454545455}, "KS Williamson": {"SR": 114.03571428571429, "BF": 23.666666666666668}, "KW Richardson": {"SR": 71.33333333333333, "BF": 2.8333333333333335}, "L Ngidi": {"SR": 80.25, "BF": 3.75}, "LD Chandimal": {"SR": 94.57377049180327, "BF": 16.80327868852459}, "LH Ferguson": {"SR": 79.0, "BF": 3.5}, "Litton Das": {"SR": 116.20289855072464, "BF": 17.492753623188406}, "Livingstone": {"SR": 123.25, "BF": 11.916666666666666}, "M Marsh": {"SR": 126.3953488372093, "BF": 19.86046511627907}, "M Starc": {"SR": 105.16666666666667, "BF": 5.166666666666667}, "M Theekshana": {"SR": 73.07142857142857, "BF": 3.4285714285714284}, "MA Wood": {"SR": 107.0, "BF": 4.333333333333333}, "MD Gunathilaka": {"SR": 104.02222222222223, "BF": 13.666666666666666}, "MD Shanaka": {"SR": 98.14634146341463, "BF": 13.524390243902438}, "MDKJ Perera": {"SR": 116.25806451612904, "BF": 20.483870967741936}, "MJ Santner": {"SR": 117.69090909090909, "BF": 7.709090909090909}, "MM Ali": {"SR": 109.35483870967742, "BF": 11.983870967741936}, "MP Stoinis": {"SR": 137.775, "BF": 13.4}, "MS Chapman": {"SR": 113.57692307692308, "BF": 17.96153846153846}, "Mahedi Hasan": {"SR": 92.85185185185185, "BF": 9.037037037037036}, "Mahmudullah": {"SR": 109.8125, "BF": 16.035714285714285}, "Martin Guptil": {"SR": 121.87179487179488, "BF": 22.205128205128204}, "Mathew Wade ": {"SR": 119.80701754385964, "BF": 13.526315789473685}, "Mehidy Hasan Miraz": {"SR": 115.0, "BF": 10.68421052631579}, "Mohammad Hasnain": {"SR": 80.71428571428571, "BF": 3.7142857142857144}, "Mohammad Naim": {"SR": 83.17142857142858, "BF": 22.514285714285716}, "Mohammad Nawaz": {"SR": 114.97142857142858, "BF": 9.342857142857143}, "Mohammad Rizwan": {"SR": 106.68055555555556, "BF": 30.055555555555557}, "Mohammad Saifuddin": {"SR": 128.22222222222223, "BF": 9.777777777777779}, "Mohammad Wasim": {"SR": 85.1, "BF": 5.0}, "Mosaddek Hossain": {"SR": 99.90322580645162, "BF": 11.0}, "Mushfiqur Rahim": {"SR": 98.45161290322581, "BF": 14.021505376344086}, "N Pooran": {"SR": 118.78787878787878, "BF": 17.03030303030303}, "Najmul Hossain": {"SR": 108.26086956521739, "BF": 21.304347826086957}, "Naseem Shah": {"SR": 106.28571428571429, "BF": 3.0}, "Nasum Ahmed": {"SR": 78.6923076923077, "BF": 4.923076923076923}, "Nurul Hasan": {"SR": 101.425, "BF": 9.0}, "OC Mccoy": {"SR": 81.6, "BF": 5.5}, "OF Smith": {"SR": 125.21052631578948, "BF": 6.631578947368421}, "P Nissanka": {"SR": 90.3170731707317, "BF": 23.878048780487806}, "PBB Rajapaksa": {"SR": 106.93939393939394, "BF": 15.363636363636363}, "PD Salt": {"SR": 116.26666666666667, "BF": 13.8}, "PJ Cummins": {"SR": 130.57894736842104, "BF": 4.947368421052632}, "PVD Chameera": {"SR": 88.3076923076923, "BF": 4.269230769230769}, "PWH DE Silva": {"SR": 107.53061224489795, "BF": 8.775510204081632}, "Q De Kock": {"SR": 118.76623376623377, "BF": 21.2987012987013}, "R Ashwin": {"SR": 126.5, "BF": 8.88888888888889}, "R Jadeja": {"SR": 116.28125, "BF": 11.46875}, "R Powell": {"SR": 116.46938775510205, "BF": 14.326530612244898}, "R Shepherd": {"SR": 143.63636363636363, "BF": 14.272727272727273}, "RJW Topley": {"SR": 72.4, "BF": 3.2}, "RR Hendricks": {"SR": 116.58, "BF": 23.56}, "RR Rossouw": {"SR": 133.8148148148148, "BF": 17.77777777777778}, "Rohith Sharma": {"SR": 117.3913043478261, "BF": 19.992753623188406}, "S Dhawan": {"SR": 106.75757575757575, "BF": 21.09090909090909}, "SD Hope": {"SR": 107.3529411764706, "BF": 14.764705882352942}, "SM Curran": {"SR": 125.375, "BF": 6.416666666666667}, "SO Hetmyer": {"SR": 106.3, "BF": 16.575}, "SS Cottrell": {"SR": 60.0, "BF": 2.9}, "SW Billings": {"SR": 112.64516129032258, "BF": 11.516129032258064}, "Sabbir Rahman": {"SR": 97.6304347826087, "BF": 17.608695652173914}, "Shadab Khan": {"SR": 128.48717948717947, "BF": 10.58974358974359}, "Shaheen Shah Afridi": {"SR": 96.6,